<?xml version="1.0" encoding="UTF-8"?>
<project xmlns="http://maven.apache.org/POM/4.0.0" xmlns:xsi="http://www.w3.org/2001/XMLSchema-instance" xsi:schemaLocation="http://maven.apache.org/POM/4.0.0 http://maven.apache.org/maven-v4_0_0.xsd">
  <modelVersion>4.0.0</modelVersion>
  <groupId>com.mopon</groupId>
  <artifactId>WordCount</artifactId>
  <version>0.0.1</version>
  <build>
    <finalName>invertedIndex</finalName>
    <plugins>
      <plugin>
        <artifactId>maven-shade-plugin</artifactId>
        <version>2.4.3</version>
        <executions>
          <execution>
            <phase>package</phase>
            <goals>
              <goal>shade</goal>
            </goals>
            <configuration>
              <filters>
                <filter>
                  <artifact>*:*</artifact>
                  <excludes>
                    <exclude>META-INF/*.SF</exclude>
                    <exclude>META-INF/*.DSA</exclude>
                    <exclude>META-INF/*.RSA</exclude>
                    <exclude>META-INF/LICENSE*</exclude>
                    <exclude>license/*</exclude>
                  </excludes>
                </filter>
              </filters>
              <transformers>
                <transformer />
                <transformer>
                  <mainClass>in.bonu.wolfsa.hadoop.InvertedIndex</mainClass>
                </transformer>
                <transformer />
              </transformers>
              <artifactSet>
                <excludes>
                  <exclude>org.apache.storm:storm-core</exclude>
                </excludes>
              </artifactSet>
            </configuration>
          </execution>
        </executions>
        <configuration>
          <createDependencyReducedPom>true</createDependencyReducedPom>
        </configuration>
      </plugin>
      <plugin>
        <artifactId>maven-compiler-plugin</artifactId>
        <version>2.3.2</version>
        <configuration>
          <encoding>UTF-8</encoding>
          <source>1.7</source>
          <target>1.7</target>
          <showWarnings>true</showWarnings>
        </configuration>
      </plugin>
    </plugins>
  </build>
</project>

